{"count":1,"self":212.3774336,"total":388.4964792,"children":{"InitializeSensors":{"count":1,"self":0.0010000999999999999,"total":0.0010000999999999999,"children":null},"AgentSendState":{"count":816084,"self":3.222464,"total":4.6827065999999995,"children":{"CollectObservations":{"count":81609,"self":0.2800317,"total":0.2800317,"children":null},"CollectDiscreteActionMasks":{"count":81609,"self":0.12300889999999999,"total":0.12300889999999999,"children":null},"AgentInfo.ToProto":{"count":81609,"self":0.4300345,"total":1.0572019,"children":{"GenerateSensorData":{"count":81609,"self":0.62716739999999993,"total":0.62716739999999993,"children":null}}}}},"DecideAction":{"count":816084,"self":168.384064,"total":168.3840678,"children":null},"AgentAct":{"count":816084,"self":2.9832783999999997,"total":3.0502727,"children":{"AgentInfo.ToProto":{"count":5334,"self":0.0259919,"total":0.066994299999999993,"children":{"GenerateSensorData":{"count":5334,"self":0.0410024,"total":0.0410024,"children":null}}}}}},"gauges":{"RollerBall.CumulativeReward":{"count":5334,"max":4,"min":0,"runningAverage":0.445443749,"value":0,"weightedAverage":0.52569747}},"metadata":{"timer_format_version":"0.1.0","start_time_seconds":"1609242176","unity_version":"2019.3.13f1","command_line_arguments":"C:\\Program Files\\Unity\\Hub\\Editor\\2019.3.13f1\\Editor\\Unity.exe -projectpath C:\/Users\/aito\/myUnityProjects\/RollerBall -useHub -hubIPC -cloudEnvironment production -hubSessionId d4137070-49c9-11eb-9c9b-eb2bf98b505c -accessToken pSXPzXJ5jVFJ9nFMQMR998cAIhk1lnVO71HZLiTBK9000ef","communication_protocol_version":"1.0.0","com.unity.ml-agents_version":"1.1.0-preview","scene_name":"SampleScene","end_time_seconds":"1609242565"}}